-- Author
-- Paul Yu
insert into store values (1, 'Starbucks', '3618 Forbes Ave', 'Franchise', 40.440917, -79.957609);
insert into store values (2, 'Red Hawk', '120 Meyran Ave', 'Franchise', 40.440711, -79.958631);
insert into store values (3, 'Panera Bread', '3800 Forbes Ave', 'Franchise', 40.441697, -79.956547);

INSERT INTO memberlevel ("memberlevel_id", "name", "booster_factor") VALUES (1, 'novice', 1);
INSERT INTO memberlevel ("memberlevel_id", "name", "booster_factor") VALUES (2, 'intermediate', 1.5);
INSERT INTO memberlevel ("memberlevel_id", "name", "booster_factor") VALUES (3, 'advanced', 2);

insert into customer values (8075,'Tona','Libbey','8Tona@gmail.com',1,11);
insert into customer values (31822,'Stephanie','Delarosa','3Stephanie@gmail.com',1,816);
insert into customer values (7514,'Ozell','Oleson','7Ozell@gmail.com',2,989);
insert into customer values (53473,'Shenita','Chalk','5Shenita@gmail.com',3,343);
insert into customer values (5713,'Alia','Zirkind','5Alia@gmail.com',1,188);
insert into customer values (7354,'Qiana','Charron','7Qiana@gmail.com',1,743);
insert into customer values (85198,'Jeana','Angus','8Jeana@gmail.com',1,221);
insert into customer values (90699,'Evelyne','Surace','9Evelyne@gmail.com',3,377);
insert into customer values (69069,'Maisie','Jacob','6Maisie@gmail.com',3,634);
insert into customer values (60155,'Landon','Pinkston','6Landon@gmail.com',2,539);
insert into customer values (9895,'Nelle','Thrasher','9Nelle@gmail.com',3,815);
insert into customer values (68398,'Dora','Freud','6Dora@gmail.com',3,275);
insert into customer values (72901,'Edgardo','Blaze','7Edgardo@gmail.com',1,347);
insert into customer values (60995,'Imelda','Mumme','6Imelda@gmail.com',1,52);
insert into customer values (92705,'Irina','Hain','9Irina@gmail.com',3,829);
insert into customer values (78283,'Delisa','Chattin','7Delisa@gmail.com',2,64);
insert into customer values (65813,'Consuela','Mosher','6Consuela@gmail.com',1,8);
insert into customer values (82452,'Rachel','Otts','8Rachel@gmail.com',2,243);
insert into customer values (4120,'Monika','Kass','4Monika@gmail.com',3,133);
insert into customer values (78939,'Deloras','Youngman','7Deloras@gmail.com',1,247);

insert into purchase values (1,78283,3,'2018-2-10');
insert into purchase values (2,92705,2,'2017-12-8');
insert into purchase values (3,68398,2,'2016-6-25');
insert into purchase values (4,68398,3,'2017-3-29');
insert into purchase values (5,53473,1,'2018-7-4');
insert into purchase values (6,90699,2,'2017-1-28');
insert into purchase values (7,65813,2,'2018-7-14');
insert into purchase values (8,65813,3,'2016-2-8');
insert into purchase values (9,69069,1,'2017-9-6');
insert into purchase values (10,82452,2,'2016-6-23');
insert into purchase values (11,60155,1,'2016-6-9');
insert into purchase values (12,7354,2,'2018-8-13');
insert into purchase values (13,60995,1,'2016-11-28');
insert into purchase values (14,85198,2,'2016-11-28');
insert into purchase values (15,5713,2,'2017-11-24');
insert into purchase values (16,60155,1,'2018-1-4');
insert into purchase values (17,60995,2,'2018-10-15');
insert into purchase values (18,90699,2,'2018-9-5');
insert into purchase values (19,90699,2,'2016-2-8');
insert into purchase values (20,72901,3,'2017-9-6');
insert into purchase values (21,31822,3,'2018-12-7');
insert into purchase values (22,5713,1,'2018-9-3');
insert into purchase values (23,65813,3,'2018-8-27');
insert into purchase values (24,60995,1,'2018-4-23');
insert into purchase values (25,78283,1,'2017-6-19');
insert into purchase values (26,31822,2,'2017-12-23');
insert into purchase values (27,90699,2,'2017-1-12');
insert into purchase values (28,92705,3,'2018-5-21');
insert into purchase values (29,4120,1,'2017-4-14');
insert into purchase values (30,60995,2,'2017-4-11');
insert into purchase values (31,7514,3,'2017-5-13');
insert into purchase values (32,31822,1,'2016-6-15');
insert into purchase values (33,31822,2,'2018-8-22');
insert into purchase values (34,60155,2,'2017-9-26');
insert into purchase values (35,7354,2,'2018-7-14');
insert into purchase values (36,5713,2,'2018-12-7');
insert into purchase values (37,68398,2,'2018-1-21');
insert into purchase values (38,60995,2,'2017-2-10');
insert into purchase values (39,7514,2,'2018-5-21');
insert into purchase values (40,4120,3,'2018-3-21');
insert into purchase values (41,7354,1,'2018-3-10');
insert into purchase values (42,90699,2,'2017-2-21');
insert into purchase values (43,72901,3,'2018-2-12');
insert into purchase values (44,60995,1,'2018-12-11');
insert into purchase values (45,65813,2,'2017-9-2');
insert into purchase values (46,7354,2,'2017-4-25');
insert into purchase values (47,92705,3,'2017-10-7');
insert into purchase values (48,78283,3,'2018-6-19');
insert into purchase values (49,9895,2,'2017-2-1');
insert into purchase values (50,60995,2,'2017-2-12');
